<?xml version="1.0" encoding="UTF-8"?><font><info face="PressStart2P-Regular" size="40" bold="0" italic="0" charset="" unicode="1" stretchH="100" smooth="1" aa="1" padding="1,1,1,1" spacing="1,1"/><common lineHeight="40" base="40" scaleW="399" scaleH="399" pages="1" packed="0"/><pages><page id="0" file="Unnamed.png"/></pages><chars count="91"><char id="32" x="0" y="0" width="0" height="0" xoffset="0" yoffset="0" xadvance="40" page="0" chnl="15"/><!--   --><char id="33" x="0" y="225" width="23" height="43" xoffset="7" yoffset="-3" xadvance="40" page="0" chnl="15"/><!-- ! --><char id="34" x="283" y="347" width="33" height="23" xoffset="2" yoffset="-3" xadvance="40" page="0" chnl="15"/><!-- " --><char id="35" x="302" y="225" width="43" height="43" xoffset="-3" yoffset="-3" xadvance="40" page="0" chnl="15"/><!-- # --><char id="36" x="346" y="225" width="43" height="43" xoffset="-3" yoffset="-3" xadvance="40" page="0" chnl="15"/><!-- $ --><char id="37" x="68" y="225" width="43" height="43" xoffset="-3" yoffset="-3" xadvance="40" page="0" chnl="15"/><!-- % --><char id="38" x="0" y="269" width="43" height="43" xoffset="-3" yoffset="-3" xadvance="40" page="0" chnl="15"/><!-- & --><char id="39" x="317" y="347" width="18" height="23" xoffset="7" yoffset="-3" xadvance="40" page="0" chnl="15"/><!-- ' --><char id="40" x="156" y="225" width="28" height="43" xoffset="7" yoffset="-3" xadvance="40" page="0" chnl="15"/><!-- ( --><char id="41" x="185" y="225" width="28" height="43" xoffset="2" yoffset="-3" xadvance="40" page="0" chnl="15"/><!-- ) --><char id="42" x="132" y="347" width="43" height="33" xoffset="-3" yoffset="2" xadvance="40" page="0" chnl="15"/><!-- * --><char id="43" x="176" y="347" width="38" height="33" xoffset="2" yoffset="2" xadvance="40" page="0" chnl="15"/><!-- + --><char id="44" x="259" y="347" width="23" height="23" xoffset="2" yoffset="22" xadvance="40" page="0" chnl="15"/><!-- , --><char id="45" x="97" y="381" width="38" height="13" xoffset="2" yoffset="12" xadvance="40" page="0" chnl="15"/><!-- - --><char id="46" x="0" y="381" width="18" height="18" xoffset="7" yoffset="22" xadvance="40" page="0" chnl="15"/><!-- . --><char id="47" x="214" y="225" width="43" height="43" xoffset="-3" yoffset="-3" xadvance="40" page="0" chnl="15"/><!-- / --><char id="48" x="34" y="0" width="43" height="43" xoffset="-3" yoffset="-3" xadvance="40" page="0" chnl="15"/><!-- 0 --><char id="49" x="78" y="0" width="38" height="43" xoffset="2" yoffset="-3" xadvance="40" page="0" chnl="15"/><!-- 1 --><char id="50" x="117" y="0" width="43" height="43" xoffset="-3" yoffset="-3" xadvance="40" page="0" chnl="15"/><!-- 2 --><char id="51" x="161" y="0" width="43" height="43" xoffset="-3" yoffset="-3" xadvance="40" page="0" chnl="15"/><!-- 3 --><char id="52" x="205" y="0" width="43" height="43" xoffset="-3" yoffset="-3" xadvance="40" page="0" chnl="15"/><!-- 4 --><char id="53" x="249" y="0" width="43" height="43" xoffset="-3" yoffset="-3" xadvance="40" page="0" chnl="15"/><!-- 5 --><char id="54" x="293" y="0" width="43" height="43" xoffset="-3" yoffset="-3" xadvance="40" page="0" chnl="15"/><!-- 6 --><char id="55" x="337" y="0" width="43" height="43" xoffset="-3" yoffset="-3" xadvance="40" page="0" chnl="15"/><!-- 7 --><char id="56" x="0" y="49" width="43" height="43" xoffset="-3" yoffset="-3" xadvance="40" page="0" chnl="15"/><!-- 8 --><char id="57" x="44" y="49" width="43" height="43" xoffset="-3" yoffset="-3" xadvance="40" page="0" chnl="15"/><!-- 9 --><char id="58" x="381" y="49" width="18" height="33" xoffset="7" yoffset="2" xadvance="40" page="0" chnl="15"/><!-- : --><char id="59" x="336" y="269" width="23" height="38" xoffset="2" yoffset="2" xadvance="40" page="0" chnl="15"/><!-- ; --><char id="61" x="215" y="347" width="43" height="23" xoffset="-3" yoffset="7" xadvance="40" page="0" chnl="15"/><!-- = --><char id="63" x="112" y="225" width="43" height="43" xoffset="-3" yoffset="-3" xadvance="40" page="0" chnl="15"/><!-- ? --><char id="64" x="258" y="225" width="43" height="43" xoffset="-3" yoffset="-3" xadvance="40" page="0" chnl="15"/><!-- @ --><char id="65" x="39" y="93" width="43" height="43" xoffset="-3" yoffset="-3" xadvance="40" page="0" chnl="15"/><!-- A --><char id="66" x="83" y="93" width="43" height="43" xoffset="-3" yoffset="-3" xadvance="40" page="0" chnl="15"/><!-- B --><char id="67" x="127" y="93" width="43" height="43" xoffset="-3" yoffset="-3" xadvance="40" page="0" chnl="15"/><!-- C --><char id="68" x="171" y="93" width="43" height="43" xoffset="-3" yoffset="-3" xadvance="40" page="0" chnl="15"/><!-- D --><char id="69" x="215" y="93" width="43" height="43" xoffset="-3" yoffset="-3" xadvance="40" page="0" chnl="15"/><!-- E --><char id="70" x="259" y="93" width="43" height="43" xoffset="-3" yoffset="-3" xadvance="40" page="0" chnl="15"/><!-- F --><char id="71" x="303" y="93" width="43" height="43" xoffset="-3" yoffset="-3" xadvance="40" page="0" chnl="15"/><!-- G --><char id="72" x="347" y="93" width="43" height="43" xoffset="-3" yoffset="-3" xadvance="40" page="0" chnl="15"/><!-- H --><char id="73" x="0" y="137" width="38" height="43" xoffset="2" yoffset="-3" xadvance="40" page="0" chnl="15"/><!-- I --><char id="74" x="39" y="137" width="43" height="43" xoffset="-3" yoffset="-3" xadvance="40" page="0" chnl="15"/><!-- J --><char id="75" x="83" y="137" width="43" height="43" xoffset="-3" yoffset="-3" xadvance="40" page="0" chnl="15"/><!-- K --><char id="76" x="127" y="137" width="38" height="43" xoffset="2" yoffset="-3" xadvance="40" page="0" chnl="15"/><!-- L --><char id="77" x="166" y="137" width="43" height="43" xoffset="-3" yoffset="-3" xadvance="40" page="0" chnl="15"/><!-- M --><char id="78" x="210" y="137" width="43" height="43" xoffset="-3" yoffset="-3" xadvance="40" page="0" chnl="15"/><!-- N --><char id="79" x="254" y="137" width="43" height="43" xoffset="-3" yoffset="-3" xadvance="40" page="0" chnl="15"/><!-- O --><char id="80" x="298" y="137" width="43" height="43" xoffset="-3" yoffset="-3" xadvance="40" page="0" chnl="15"/><!-- P --><char id="81" x="342" y="137" width="43" height="43" xoffset="-3" yoffset="-3" xadvance="40" page="0" chnl="15"/><!-- Q --><char id="82" x="0" y="181" width="43" height="43" xoffset="-3" yoffset="-3" xadvance="40" page="0" chnl="15"/><!-- R --><char id="83" x="44" y="181" width="43" height="43" xoffset="-3" yoffset="-3" xadvance="40" page="0" chnl="15"/><!-- S --><char id="84" x="88" y="181" width="38" height="43" xoffset="2" yoffset="-3" xadvance="40" page="0" chnl="15"/><!-- T --><char id="85" x="127" y="181" width="43" height="43" xoffset="-3" yoffset="-3" xadvance="40" page="0" chnl="15"/><!-- U --><char id="86" x="171" y="181" width="43" height="43" xoffset="-3" yoffset="-3" xadvance="40" page="0" chnl="15"/><!-- V --><char id="87" x="215" y="181" width="43" height="43" xoffset="-3" yoffset="-3" xadvance="40" page="0" chnl="15"/><!-- W --><char id="88" x="259" y="181" width="43" height="43" xoffset="-3" yoffset="-3" xadvance="40" page="0" chnl="15"/><!-- X --><char id="89" x="303" y="181" width="38" height="43" xoffset="2" yoffset="-3" xadvance="40" page="0" chnl="15"/><!-- Y --><char id="90" x="342" y="181" width="43" height="43" xoffset="-3" yoffset="-3" xadvance="40" page="0" chnl="15"/><!-- Z --><char id="91" x="102" y="269" width="28" height="43" xoffset="7" yoffset="-3" xadvance="40" page="0" chnl="15"/><!-- [ --><char id="93" x="131" y="269" width="28" height="43" xoffset="2" yoffset="-3" xadvance="40" page="0" chnl="15"/><!-- ] --><char id="94" x="19" y="381" width="33" height="18" xoffset="2" yoffset="-3" xadvance="40" page="0" chnl="15"/><!-- ^ --><char id="95" x="53" y="381" width="43" height="13" xoffset="-3" yoffset="32" xadvance="40" page="0" chnl="15"/><!-- _ --><char id="97" x="0" y="313" width="43" height="33" xoffset="-3" yoffset="7" xadvance="40" page="0" chnl="15"/><!-- a --><char id="98" x="88" y="49" width="43" height="43" xoffset="-3" yoffset="-3" xadvance="40" page="0" chnl="15"/><!-- b --><char id="99" x="44" y="313" width="43" height="33" xoffset="-3" yoffset="7" xadvance="40" page="0" chnl="15"/><!-- c --><char id="100" x="132" y="49" width="43" height="43" xoffset="-3" yoffset="-3" xadvance="40" page="0" chnl="15"/><!-- d --><char id="101" x="88" y="313" width="43" height="33" xoffset="-3" yoffset="7" xadvance="40" page="0" chnl="15"/><!-- e --><char id="102" x="176" y="49" width="38" height="43" xoffset="2" yoffset="-3" xadvance="40" page="0" chnl="15"/><!-- f --><char id="103" x="160" y="269" width="43" height="38" xoffset="-3" yoffset="7" xadvance="40" page="0" chnl="15"/><!-- g --><char id="104" x="215" y="49" width="43" height="43" xoffset="-3" yoffset="-3" xadvance="40" page="0" chnl="15"/><!-- h --><char id="105" x="259" y="49" width="38" height="43" xoffset="2" yoffset="-3" xadvance="40" page="0" chnl="15"/><!-- i --><char id="106" x="0" y="0" width="33" height="48" xoffset="2" yoffset="-3" xadvance="40" page="0" chnl="15"/><!-- j --><char id="107" x="298" y="49" width="43" height="43" xoffset="-3" yoffset="-3" xadvance="40" page="0" chnl="15"/><!-- k --><char id="108" x="342" y="49" width="38" height="43" xoffset="2" yoffset="-3" xadvance="40" page="0" chnl="15"/><!-- l --><char id="109" x="132" y="313" width="43" height="33" xoffset="-3" yoffset="7" xadvance="40" page="0" chnl="15"/><!-- m --><char id="110" x="176" y="313" width="43" height="33" xoffset="-3" yoffset="7" xadvance="40" page="0" chnl="15"/><!-- n --><char id="111" x="220" y="313" width="43" height="33" xoffset="-3" yoffset="7" xadvance="40" page="0" chnl="15"/><!-- o --><char id="112" x="204" y="269" width="43" height="38" xoffset="-3" yoffset="7" xadvance="40" page="0" chnl="15"/><!-- p --><char id="113" x="248" y="269" width="43" height="38" xoffset="-3" yoffset="7" xadvance="40" page="0" chnl="15"/><!-- q --><char id="114" x="360" y="269" width="38" height="33" xoffset="2" yoffset="7" xadvance="40" page="0" chnl="15"/><!-- r --><char id="115" x="264" y="313" width="43" height="33" xoffset="-3" yoffset="7" xadvance="40" page="0" chnl="15"/><!-- s --><char id="116" x="0" y="93" width="38" height="43" xoffset="2" yoffset="-3" xadvance="40" page="0" chnl="15"/><!-- t --><char id="117" x="308" y="313" width="43" height="33" xoffset="-3" yoffset="7" xadvance="40" page="0" chnl="15"/><!-- u --><char id="118" x="352" y="313" width="38" height="33" xoffset="2" yoffset="7" xadvance="40" page="0" chnl="15"/><!-- v --><char id="119" x="0" y="347" width="43" height="33" xoffset="-3" yoffset="7" xadvance="40" page="0" chnl="15"/><!-- w --><char id="120" x="44" y="347" width="43" height="33" xoffset="-3" yoffset="7" xadvance="40" page="0" chnl="15"/><!-- x --><char id="121" x="292" y="269" width="43" height="38" xoffset="-3" yoffset="7" xadvance="40" page="0" chnl="15"/><!-- y --><char id="122" x="88" y="347" width="43" height="33" xoffset="-3" yoffset="7" xadvance="40" page="0" chnl="15"/><!-- z --><char id="123" x="44" y="269" width="28" height="43" xoffset="7" yoffset="-3" xadvance="40" page="0" chnl="15"/><!-- { --><char id="124" x="381" y="0" width="18" height="43" xoffset="12" yoffset="-3" xadvance="40" page="0" chnl="15"/><!-- | --><char id="125" x="73" y="269" width="28" height="43" xoffset="2" yoffset="-3" xadvance="40" page="0" chnl="15"/><!-- } --><char id="8470" x="24" y="225" width="43" height="43" xoffset="-3" yoffset="-3" xadvance="40" page="0" chnl="15"/><!-- № --></chars></font>